Address,Price,Details,Images
"STEELWORKS | 1220 Mecaslin St NW, Atlanta, GA",as per size in the details,"['$1,288+ 1 bd', '$2,025+ 2 bds', '$2,934+ 3 bds']",https://photos.zillowstatic.com/p_e/ISmywqsyv414bj0000000000.jpg
"853 Ponce De Leon Pl NE, Atlanta, GA 30306","$3,600/mo","['3 bds', '2 ba', '1,900 sqft']",NA
"Avana Lenox | 925 Canterbury Rd NE, Atlanta, GA",as per size in the details,"['$1,171+ 1 bd', '$1,488+ 2 bds', '$2,087+ 3 bds']",https://photos.zillowstatic.com/p_e/IS7m4snc19vqt30000000000.jpg
"32Hundred Lenox | 3200 Lenox Rd NE, Atlanta, GA",as per size in the details,"['$1,219+ 1 bd', '$1,499+ 2 bds', '$2,099+ 3 bds']",https://photos.zillowstatic.com/p_e/ISbxvbjhnbss1t1000000000.jpg
"The Aster Buckhead | 2900 Pharr Ct S, Atlanta, GA",as per size in the details,"['$1,320+ 1 bd', '$1,541+ 2 bds']",https://photos.zillowstatic.com/p_e/IS3z7s6geu5z4w0000000000.jpg
"Camden Phipps | 700 Phipps Blvd NE, Atlanta, GA",as per size in the details,"['$1,329+ 1 bd', '$1,749+ 2 bds', '$3,259 3 bds']",https://photos.zillowstatic.com/p_e/IS37ajzgshj5qh1000000000.jpg
"252 Sydney St SE, Atlanta, GA 30312","$3,450/mo","['4 bds', '2 ba', '2,150 sqft']",https://photos.zillowstatic.com/p_e/IS3bt0dvyzt49w0000000000.jpg
"Aspire Westside | 900 Joseph E Lowery Blvd NW, Atlanta, GA",as per size in the details,"['$1,345+ Studio', '$1,520+ 1 bd', '$1,960+ 2 bds']",https://photos.zillowstatic.com/p_e/ISj3ecn15hxalr0000000000.jpg
"Generation | 369 Centennial Olympic Park Dr NW, Atlanta, GA",as per size in the details,"['$1,425 Studio', '$1,510+ 1 bd', '$2,425+ 2 bds']",https://photos.zillowstatic.com/p_e/ISjvzjttrvplbr0000000000.jpg
"Camden Brookwood | 147 26th St NW, Atlanta, GA",as per size in the details,"['$1,229+ Studio', '$1,289+ 1 bd', '$1,839+ 2 bds']","data:image/gif;base64,R0lGODlhAQABAIAAAAAAAP///yH5BAEAAAAALAAAAAABAAEAAAIBRAA7"
"Camden Midtown Atlanta | 265 Ponce De Leon Ave NE, Atlanta, GA",as per size in the details,"['$1,259+ Studio', '$1,389+ 1 bd', '$1,949+ 2 bds']","data:image/gif;base64,R0lGODlhAQABAIAAAAAAAP///yH5BAEAAAAALAAAAAABAAEAAAIBRAA7"
"The Sutton | 2965 Peachtree Rd NW, Atlanta, GA",as per size in the details,"['$4,010+ 2 bds', '$5,325+ 3 bds']","data:image/gif;base64,R0lGODlhAQABAIAAAAAAAP///yH5BAEAAAAALAAAAAABAAEAAAIBRAA7"
"Savannah Midtown | 215 North Ave NE, Atlanta, GA",as per size in the details,"['$1,210+ 1 bd', '$1,790+ 2 bds']","data:image/gif;base64,R0lGODlhAQABAIAAAAAAAP///yH5BAEAAAAALAAAAAABAAEAAAIBRAA7"
"516 Fairlane Cir NW, Atlanta, GA 30331","$1,200/mo","['4 bds', '2 ba', '1,065 sqft']","data:image/gif;base64,R0lGODlhAQABAIAAAAAAAP///yH5BAEAAAAALAAAAAABAAEAAAIBRAA7"
"Windsor at Midtown | 222 14th St NE, Atlanta, GA",as per size in the details,"['$1,595+ 1 bd', '$2,160+ 2 bds']","data:image/gif;base64,R0lGODlhAQABAIAAAAAAAP///yH5BAEAAAAALAAAAAABAAEAAAIBRAA7"
"Uptown Buckhead | 3707 Roswell Rd NE, Atlanta, GA",as per size in the details,"['$1,135+ 1 bd', '$1,560 2 bds']","data:image/gif;base64,R0lGODlhAQABAIAAAAAAAP///yH5BAEAAAAALAAAAAABAAEAAAIBRAA7"
"Camden Vantage | 180 Jackson St NE, Atlanta, GA",as per size in the details,"['$1,269+ 1 bd', '$1,679+ 2 bds']","data:image/gif;base64,R0lGODlhAQABAIAAAAAAAP///yH5BAEAAAAALAAAAAABAAEAAAIBRAA7"
"AMLI Buckhead | 3450 Roxboro Rd NE, Atlanta, GA",as per size in the details,"['$1,452+ 1 bd', '$2,119+ 2 bds']","data:image/gif;base64,R0lGODlhAQABAIAAAAAAAP///yH5BAEAAAAALAAAAAABAAEAAAIBRAA7"
"AMLI Lenox | 3478 Lakeside Dr NE, Atlanta, GA",as per size in the details,"['$1,806+ 1 bd', '$2,448+ 2 bds', '$3,894+ 3 bds']","data:image/gif;base64,R0lGODlhAQABAIAAAAAAAP///yH5BAEAAAAALAAAAAABAAEAAAIBRAA7"
"AMLI Parkside | 660 Ralph Mcgill Blvd NE, Atlanta, GA",as per size in the details,"['$1,405+ Studio', '$1,525+ 1 bd', '$1,969+ 2 bds']","data:image/gif;base64,R0lGODlhAQABAIAAAAAAAP///yH5BAEAAAAALAAAAAABAAEAAAIBRAA7"
"851 Cardova Dr NE, Atlanta, GA 30324","$2,400/mo","['3 bds', '2 ba', '1,800 sqft']","data:image/gif;base64,R0lGODlhAQABAIAAAAAAAP///yH5BAEAAAAALAAAAAABAAEAAAIBRAA7"
"789 Barnett St NE, Atlanta, GA",as per size in the details,"['$1,500 Studio', '$3,600 4 bds']","data:image/gif;base64,R0lGODlhAQABAIAAAAAAAP///yH5BAEAAAAALAAAAAABAAEAAAIBRAA7"
"824 Edgewood Ave NE, Atlanta, GA 30307","$1,500/mo","['1 bd', '1 ba', '1,000 sqft']","data:image/gif;base64,R0lGODlhAQABAIAAAAAAAP///yH5BAEAAAAALAAAAAABAAEAAAIBRAA7"
"The Exchange | 470 16th St NW, Atlanta, GA",as per size in the details,"['$1,302+ 1 bd', '$1,553+ 2 bds']","data:image/gif;base64,R0lGODlhAQABAIAAAAAAAP///yH5BAEAAAAALAAAAAABAAEAAAIBRAA7"
"850 Flat Shoals Way SE, Atlanta, GA 30316","$1,650/mo","['2 bds', '1 ba', '1,050 sqft']","data:image/gif;base64,R0lGODlhAQABAIAAAAAAAP///yH5BAEAAAAALAAAAAABAAEAAAIBRAA7"
"2059 Howell Mill Rd NW, Atlanta, GA 30318","$4,200/mo","['4 bds', '3.5 ba', '2,697 sqft']",NA
"Piedmont House | 205 12th St NE, Atlanta, GA",as per size in the details,"['$2,449+ 1 bd', '$3,182+ 2 bds', '$7,596+ 3 bds']","data:image/gif;base64,R0lGODlhAQABAIAAAAAAAP///yH5BAEAAAAALAAAAAABAAEAAAIBRAA7"
"Berkeley Heights | 1700 Northside Dr NW, Atlanta, GA",as per size in the details,"['$1,195+ Studio', '$1,190+ 1 bd', '$1,555+ 2 bds']","data:image/gif;base64,R0lGODlhAQABAIAAAAAAAP///yH5BAEAAAAALAAAAAABAAEAAAIBRAA7"
"Hanover Buckhead Village | 3150 Roswell Rd NW, Atlanta, GA",as per size in the details,"['$1,654+ Studio', '$1,659+ 1 bd', '$2,027+ 2 bds', '$6,851+ 3 bds']","data:image/gif;base64,R0lGODlhAQABAIAAAAAAAP///yH5BAEAAAAALAAAAAABAAEAAAIBRAA7"
"1045 on The Park | 1045 Piedmont Ave NE, Atlanta, GA",as per size in the details,"['$1,890 1 bd', '$2,192+ 2 bds']","data:image/gif;base64,R0lGODlhAQABAIAAAAAAAP///yH5BAEAAAAALAAAAAABAAEAAAIBRAA7"
"Gramercy At Buckhead | 3315 Roswell Rd, Atlanta, GA",as per size in the details,"['$1,205+ 1 bd', '$1,520+ 2 bds', '$1,945+ 3 bds']","data:image/gif;base64,R0lGODlhAQABAIAAAAAAAP///yH5BAEAAAAALAAAAAABAAEAAAIBRAA7"
"The Haynes House | 2420 Peachtree Rd NW, Atlanta, GA",as per size in the details,"['$1,367+ Studio', '$1,342+ 1 bd', '$2,185+ 2 bds']","data:image/gif;base64,R0lGODlhAQABAIAAAAAAAP///yH5BAEAAAAALAAAAAABAAEAAAIBRAA7"
"Ascent Midtown | 1400 W Peachtree St NW, Atlanta, GA",as per size in the details,"['$1,765+ Studio', '$2,095+ 1 bd', '$2,209+ 2 bds']","data:image/gif;base64,R0lGODlhAQABAIAAAAAAAP///yH5BAEAAAAALAAAAAABAAEAAAIBRAA7"
"Allure at Brookwood | 40 Peachtree Valley Rd NE, Atlanta, GA",as per size in the details,"['$1,148+ Studio', '$1,158+ 1 bd', '$1,503+ 2 bds', '$2,153 3 bds']","data:image/gif;base64,R0lGODlhAQABAIAAAAAAAP///yH5BAEAAAAALAAAAAABAAEAAAIBRAA7"
"Post Riverside | 4403 Northside Pkwy, Atlanta, GA",as per size in the details,"['$1,190+ Studio', '$1,195+ 1 bd', '$1,610+ 2 bds', '$2,225+ 3 bds']","data:image/gif;base64,R0lGODlhAQABAIAAAAAAAP///yH5BAEAAAAALAAAAAABAAEAAAIBRAA7"
"Post Peachtree Hills | 350 Peachtree Hills Ave NE, Atlanta, GA",as per size in the details,"['$1,165+ 1 bd', '$1,490+ 2 bds']","data:image/gif;base64,R0lGODlhAQABAIAAAAAAAP///yH5BAEAAAAALAAAAAABAAEAAAIBRAA7"
"The Ashley Gables Buckhead | 530 E Paces Ferry Rd NE, Atlanta, GA",as per size in the details,"['$1,571+ Studio', '$1,721+ 1 bd', '$2,509+ 2 bds', '$4,295+ 3 bds']","data:image/gif;base64,R0lGODlhAQABAIAAAAAAAP///yH5BAEAAAAALAAAAAABAAEAAAIBRAA7"
"The Point At Westside | 370 Northside Dr NW, Atlanta, GA",as per size in the details,"['$1,190+ 1 bd', '$1,427+ 2 bds', '$1,625+ 3 bds']","data:image/gif;base64,R0lGODlhAQABAIAAAAAAAP///yH5BAEAAAAALAAAAAABAAEAAAIBRAA7"
"Peachtree St NE, Atlanta, GA 30308","$2,400/mo","['2 bds', '2 ba', '1,200 sqft']","data:image/gif;base64,R0lGODlhAQABAIAAAAAAAP///yH5BAEAAAAALAAAAAABAAEAAAIBRAA7"
"Platform Apartments | 290 Martin Luther King Jr Dr SE, Atlanta, GA",as per size in the details,"['$1,235+ Studio', '$1,340+ 1 bd', '$1,835+ 2 bds']","data:image/gif;base64,R0lGODlhAQABAIAAAAAAAP///yH5BAEAAAAALAAAAAABAAEAAAIBRAA7"
"Platform Apartments | 290 Martin Luther King Jr Dr SE, Atlanta, GA",as per size in the details,"['$1,235+ Studio', '$1,340+ 1 bd', '$1,835+ 2 bds']",https://photos.zillowstatic.com/p_e/ISappdujfvnw9r1000000000.jpg
"Cyan On Peachtree | 3380 Peachtree Rd NE, Atlanta, GA",as per size in the details,"['$1,369+ Studio', '$1,509+ 1 bd', '$1,701+ 2 bds', '$3,252 3 bds']",https://photos.zillowstatic.com/p_e/ISn67wd5bqitng0000000000.jpg
"2564 Defoors Ferry Rd NW, Atlanta, GA 30318","$1,800/mo","['3 bds', '1.5 ba', '1,125 sqft']",https://photos.zillowstatic.com/p_e/ISrxuvbdpetcm80000000000.jpg
"05 Buckhead | 3242 Peachtree Rd NE, Atlanta, GA",as per size in the details,"['$1,490+ Studio', '$1,877+ 1 bd', '$2,347+ 2 bds', '$4,225+ 3 bds']",https://photos.zillowstatic.com/p_e/ISr5hyik9b9k7i0000000000.jpg
"Camden Paces | 77 E Andrews Dr NW, Atlanta, GA",as per size in the details,"['$1,299+ 1 bd', '$2,169+ 2 bds', '$4,269+ 3 bds']",https://photos.zillowstatic.com/p_e/ISybrc4h49j1130000000000.jpg
"Cumberland Rd NE, Atlanta, GA 30306","$6,500/mo","['3 bds', '4 ba', '3,913 sqft']",https://photos.zillowstatic.com/p_e/IS3zrbrkhnrtm61000000000.jpg
"Ayla | 44 Krog St NE, Atlanta, GA",as per size in the details,"['$1,455+ Studio', '$1,626+ 1 bd', '$2,287+ 2 bds']",https://photos.zillowstatic.com/p_e/IS3rdbfh1swvfg1000000000.jpg
"Glenwood at Grant Park | 860 Glenwood Ave SE, Atlanta, GA",as per size in the details,"['$1,325+ Studio', '$1,460+ 1 bd', '$1,910+ 2 bds']",https://photos.zillowstatic.com/p_e/ISmigv4lamfrne1000000000.jpg
"The Irby | 65 Irby Ave, Atlanta, GA",as per size in the details,"['$1,545+ Studio', '$1,660+ 1 bd', '$2,930+ 2 bds']",https://photos.zillowstatic.com/p_e/ISbhnq0tbl3bv41000000000.jpg
"Gables Midtown | 1925 Monroe Dr NE, Atlanta, GA",as per size in the details,"['$1,290+ 1 bd', '$1,590+ 2 bds', '$2,822 3 bds']","data:image/gif;base64,R0lGODlhAQABAIAAAAAAAP///yH5BAEAAAAALAAAAAABAAEAAAIBRAA7"
"Gables 820 West | 820 W Marietta St NW, Atlanta, GA",as per size in the details,"['$1,135+ 1 bd', '$1,435+ 2 bds']","data:image/gif;base64,R0lGODlhAQABAIAAAAAAAP///yH5BAEAAAAALAAAAAABAAEAAAIBRAA7"
"Camden Fourth Ward | 477 Wilmer St NE, Atlanta, GA",as per size in the details,"['$1,329+ 1 bd', '$2,349+ 2 bds']","data:image/gif;base64,R0lGODlhAQABAIAAAAAAAP///yH5BAEAAAAALAAAAAABAAEAAAIBRAA7"
"2460 Peachtree at Peachtree Battle | 2460 Peachtree Rd NW, Atlanta, GA",as per size in the details,"['$1,465+ 1 bd', '$1,600+ 2 bds']","data:image/gif;base64,R0lGODlhAQABAIAAAAAAAP///yH5BAEAAAAALAAAAAABAAEAAAIBRAA7"
"1144 Regis Rd SE, Atlanta, GA 30315","$1,150/mo","['3 bds', '1 ba', '1,430 sqft']","data:image/gif;base64,R0lGODlhAQABAIAAAAAAAP///yH5BAEAAAAALAAAAAABAAEAAAIBRAA7"
"267 Ralph David Abernathy Blvd SW, Atlanta, GA 30312","$1,550/mo","['3 bds', '2.5 ba', '1,600 sqft']","data:image/gif;base64,R0lGODlhAQABAIAAAAAAAP///yH5BAEAAAAALAAAAAABAAEAAAIBRAA7"
"639 Cassanova St SE, Atlanta, GA 30315","$1,550/mo","['3 bds', '2 ba', '1,300 sqft']","data:image/gif;base64,R0lGODlhAQABAIAAAAAAAP///yH5BAEAAAAALAAAAAABAAEAAAIBRAA7"
"Post Parkside Atlanta | 250 10th St NE, Atlanta, GA",as per size in the details,"['$1,220+ Studio', '$1,540+ 1 bd', '$1,955+ 2 bds']","data:image/gif;base64,R0lGODlhAQABAIAAAAAAAP///yH5BAEAAAAALAAAAAABAAEAAAIBRAA7"
"865 Fox St NW #1, Atlanta, GA 30318","$1,180/mo","['2 bds', '1 ba', '-- sqft']","data:image/gif;base64,R0lGODlhAQABAIAAAAAAAP///yH5BAEAAAAALAAAAAABAAEAAAIBRAA7"
"61 Weatherby St SE, Atlanta, GA 30316","$3,950/mo","['4 bds', '3 ba', '2,390 sqft']","data:image/gif;base64,R0lGODlhAQABAIAAAAAAAP///yH5BAEAAAAALAAAAAABAAEAAAIBRAA7"
"West Inman Lofts | 626 Dekalb Ave SE, Atlanta, GA",as per size in the details,"['$1,293+ 1 bd', '$1,781+ 2 bds']","data:image/gif;base64,R0lGODlhAQABAIAAAAAAAP///yH5BAEAAAAALAAAAAABAAEAAAIBRAA7"
"77 12th Street | 77 12th St NE, Atlanta, GA",as per size in the details,"['$1,548+ Studio', '$1,635+ 1 bd', '$2,599+ 2 bds']","data:image/gif;base64,R0lGODlhAQABAIAAAAAAAP///yH5BAEAAAAALAAAAAABAAEAAAIBRAA7"
"AMLI Arts Center | 1240 W Peachtree St NW, Atlanta, GA",as per size in the details,"['$1,824+ Studio', '$1,891+ 1 bd', '$2,404+ 2 bds']","data:image/gif;base64,R0lGODlhAQABAIAAAAAAAP///yH5BAEAAAAALAAAAAABAAEAAAIBRAA7"
"CB Lofts | 2430 Cheshire Bridge Rd NE, Atlanta, GA",as per size in the details,"['$1,076+ 1 bd', '$1,523+ 2 bds', '$1,713 3 bds']","data:image/gif;base64,R0lGODlhAQABAIAAAAAAAP///yH5BAEAAAAALAAAAAABAAEAAAIBRAA7"
"430 Lindbergh Dr NE APT G3, Atlanta, GA 30305","$1,750/mo","['2 bds', '1.5 ba', '1,188 sqft']","data:image/gif;base64,R0lGODlhAQABAIAAAAAAAP///yH5BAEAAAAALAAAAAABAAEAAAIBRAA7"
"Post Stratford | 3400 Stratford Rd NE, Atlanta, GA",as per size in the details,"['$1,215+ Studio', '$1,265+ 1 bd', '$1,595+ 2 bds']","data:image/gif;base64,R0lGODlhAQABAIAAAAAAAP///yH5BAEAAAAALAAAAAABAAEAAAIBRAA7"
"Inman Quarter Residences | 299 N Highland Ave NE, Atlanta, GA",as per size in the details,"['$1,590+ Studio', '$1,879+ 1 bd', '$2,395+ 2 bds']","data:image/gif;base64,R0lGODlhAQABAIAAAAAAAP///yH5BAEAAAAALAAAAAABAAEAAAIBRAA7"
"The George & The Leonard | 275 Memorial Dr SE, Atlanta, GA",as per size in the details,"['$1,194+ 1 bd', '$1,555+ 2 bds']","data:image/gif;base64,R0lGODlhAQABAIAAAAAAAP///yH5BAEAAAAALAAAAAABAAEAAAIBRAA7"
"Hanover West Peachtree | 1010 W Peachtree St NW, Atlanta, GA",as per size in the details,"['$1,348+ 1 bd', '$1,749+ 2 bds']","data:image/gif;base64,R0lGODlhAQABAIAAAAAAAP///yH5BAEAAAAALAAAAAABAAEAAAIBRAA7"
"1837 Volberg St NW, Atlanta, GA 30318","$1,695/mo","['1 bd', '1 ba', '650 sqft']","data:image/gif;base64,R0lGODlhAQABAIAAAAAAAP///yH5BAEAAAAALAAAAAABAAEAAAIBRAA7"
"Post Gardens | 1020 Lenox Park Blvd NE, Atlanta, GA",as per size in the details,"['$1,115+ 1 bd', '$1,340+ 2 bds', '$1,725+ 3 bds']","data:image/gif;base64,R0lGODlhAQABAIAAAAAAAP///yH5BAEAAAAALAAAAAABAAEAAAIBRAA7"
"95 Vine St NW, Atlanta, GA 30314","$1,100/mo","['3 bds', '1 ba', '1,100 sqft']","data:image/gif;base64,R0lGODlhAQABAIAAAAAAAP///yH5BAEAAAAALAAAAAABAAEAAAIBRAA7"
"The Rocca | 3280 Northside Pkwy NW, Atlanta, GA",as per size in the details,"['$1,320+ Studio', '$1,215+ 1 bd', '$1,784+ 2 bds', '$2,710+ 3 bds']","data:image/gif;base64,R0lGODlhAQABAIAAAAAAAP///yH5BAEAAAAALAAAAAABAAEAAAIBRAA7"
"Highland View Apartments | 784 Ponce De Leon Ter NE, Atlanta, GA",as per size in the details,"['$1,225+ Studio', '$1,525+ 1 bd', '$1,725+ 2 bds']","data:image/gif;base64,R0lGODlhAQABAIAAAAAAAP///yH5BAEAAAAALAAAAAABAAEAAAIBRAA7"
"Lumen Grant Park | 465 Memorial Dr SE, Atlanta, GA",as per size in the details,"['$1,216+ Studio', '$1,486+ 1 bd', '$2,144+ 2 bds']","data:image/gif;base64,R0lGODlhAQABAIAAAAAAAP///yH5BAEAAAAALAAAAAABAAEAAAIBRAA7"
"620 Glen Iris Dr NE, Atlanta, GA",as per size in the details,"['$1,400+ 1 bd', '$3,850 2 bds']","data:image/gif;base64,R0lGODlhAQABAIAAAAAAAP///yH5BAEAAAAALAAAAAABAAEAAAIBRAA7"
"Residences at Chastain | 4011 Roswell Rd NE, Atlanta, GA",as per size in the details,"['$1,323+ 1 bd', '$2,061+ 2 bds']","data:image/gif;base64,R0lGODlhAQABAIAAAAAAAP///yH5BAEAAAAALAAAAAABAAEAAAIBRAA7"
"The Monroe | 222 Colonial Homes Dr NW, Atlanta, GA",as per size in the details,"['$1,495+ 1 bd', '$1,990+ 2 bds']","data:image/gif;base64,R0lGODlhAQABAIAAAAAAAP///yH5BAEAAAAALAAAAAABAAEAAAIBRAA7"
"1824 Defoor | 1824 Defoor Ave NW, Atlanta, GA",as per size in the details,"['$1,460+ 1 bd', '$1,795+ 2 bds', '$2,785+ 3 bds']","data:image/gif;base64,R0lGODlhAQABAIAAAAAAAP///yH5BAEAAAAALAAAAAABAAEAAAIBRAA7"
"Anthem on Ashley | 720 Ralph Mcgill Blvd NE, Atlanta, GA",as per size in the details,"['$1,443+ 1 bd', '$2,200+ 2 bds']","data:image/gif;base64,R0lGODlhAQABAIAAAAAAAP///yH5BAEAAAAALAAAAAABAAEAAAIBRAA7"
"The Bryant at Buckhead Village | 400 Pharr Rd NE, Atlanta, GA",as per size in the details,"['$1,238+ Studio', '$1,516+ 1 bd', '$1,977+ 2 bds']","data:image/gif;base64,R0lGODlhAQABAIAAAAAAAP///yH5BAEAAAAALAAAAAABAAEAAAIBRAA7"
"Avana on Main | 508 Main St NE, Atlanta, GA",as per size in the details,"['$1,035+ Studio', '$1,163+ 1 bd', '$1,364+ 2 bds', '$1,961+ 3 bds']",https://photos.zillowstatic.com/p_e/IS37u67yvimr270000000000.jpg
"Broadstone Midtown | 811 Juniper St NE, Atlanta, GA",as per size in the details,"['$1,360+ 1 bd', '$2,183+ 2 bds']",https://photos.zillowstatic.com/p_e/ISme1lf527p28k1000000000.jpg
"Camden Buckhead Square | 3097 Maple Dr NE, Atlanta, GA",as per size in the details,"['$1,249+ Studio', '$1,259+ 1 bd', '$1,849 2 bds']",https://photos.zillowstatic.com/p_e/ISj3a105y7ma9h1000000000.jpg
"Mezzo Apartments | 2171 Peachtree Rd NE, Atlanta, GA",as per size in the details,"['$2,569+ 2 bds', '$4,960 3 bds']",https://photos.zillowstatic.com/p_e/ISf019styzk6k01000000000.jpg
"Overture Buckhead South 55+ Apartment Homes | 658 Lindbergh Dr, Atlanta, GA",as per size in the details,"['$1,750+ 1 bd', '$2,600+ 2 bds']",https://photos.zillowstatic.com/p_e/ISr9kn39l5r7im1000000000.jpg
"Elan Madison Yards | 230 Bill Kennedy Way SE, Atlanta, GA",as per size in the details,"['$1,335+ Studio', '$1,570+ 1 bd', '$2,125+ 2 bds']",https://photos.zillowstatic.com/p_e/IS37qfzy0gmq5j0000000000.jpg
"Tremont Apartments | 3645 Habersham Rd NE, Atlanta, GA",as per size in the details,"['$1,494+ 1 bd', '$1,732+ 2 bds']",https://photos.zillowstatic.com/p_e/ISir456cu4m2bc1000000000.jpg
"ATL's New Community- Newbergh ATL | 761 Morosgo Dr NE, Atlanta, GA",as per size in the details,"['$1,455+ 1 bd', '$2,070+ 2 bds', '$2,910 3 bds']",https://photos.zillowstatic.com/p_e/ISz78fihjboabp0000000000.jpg
"1550 Olympian Cir SW #A, Atlanta, GA 30310","$1,300/mo","['2 bds', '1 ba', '-- sqft']",https://photos.zillowstatic.com/p_e/ISvcl9t77e2bjm0000000000.jpg
"683 Edgewood Ave NE, Atlanta, GA 30307","$4,000/mo","['3 bds', '2.5 ba', '2,640 sqft']","data:image/gif;base64,R0lGODlhAQABAIAAAAAAAP///yH5BAEAAAAALAAAAAABAAEAAAIBRAA7"
"Studioplex On Auburn | 659 Auburn Ave NE, Atlanta, GA",as per size in the details,"['$2,150+ 1 bd']","data:image/gif;base64,R0lGODlhAQABAIAAAAAAAP///yH5BAEAAAAALAAAAAABAAEAAAIBRAA7"
"2030 Defoor Ave NW #D09, Atlanta, GA 30318","$1,095/mo","['1 bd', '1 ba', '780 sqft']","data:image/gif;base64,R0lGODlhAQABAIAAAAAAAP///yH5BAEAAAAALAAAAAABAAEAAAIBRAA7"
"AMLI Ponce Park | 641 N Ave Ne, Atlanta, GA",as per size in the details,"['$1,555+ 1 bd', '$2,230+ 2 bds']","data:image/gif;base64,R0lGODlhAQABAIAAAAAAAP///yH5BAEAAAAALAAAAAABAAEAAAIBRAA7"
"Peachtree Walk | 1074 Peachtree Walk NE, Atlanta, GA",as per size in the details,"['$1,530 1 bd', '$2,000+ 2 bds']","data:image/gif;base64,R0lGODlhAQABAIAAAAAAAP///yH5BAEAAAAALAAAAAABAAEAAAIBRAA7"
"Modera Midtown | 95 8th St NW, Atlanta, GA",as per size in the details,"['$1,645+ Studio', '$1,725+ 1 bd', '$2,250+ 2 bds', '$3,685 3 bds']","data:image/gif;base64,R0lGODlhAQABAIAAAAAAAP///yH5BAEAAAAALAAAAAABAAEAAAIBRAA7"
"120 Ralph Mcgill Blvd NE APT 206, Atlanta, GA 30308","$1,750/mo","['1 bd', '1 ba', '1,023 sqft']","data:image/gif;base64,R0lGODlhAQABAIAAAAAAAP///yH5BAEAAAAALAAAAAABAAEAAAIBRAA7"
"825 Beckwith St SW #B, Atlanta, GA 30314","$1,850/mo","['3 bds', '1.5 ba', '1,429 sqft']","data:image/gif;base64,R0lGODlhAQABAIAAAAAAAP///yH5BAEAAAAALAAAAAABAAEAAAIBRAA7"
"939 Redford Dr SE, Atlanta, GA 30315","$1,275/mo","['3 bds', '2 ba', '1,000 sqft']","data:image/gif;base64,R0lGODlhAQABAIAAAAAAAP///yH5BAEAAAAALAAAAAABAAEAAAIBRAA7"
"Post Centennial Park | 305 Centennial Olympic Park Dr, Atlanta, GA",as per size in the details,"['$1,260+ Studio', '$1,300+ 1 bd', '$1,980+ 2 bds']","data:image/gif;base64,R0lGODlhAQABAIAAAAAAAP///yH5BAEAAAAALAAAAAABAAEAAAIBRAA7"
"88 Lucy St SE APT A, Atlanta, GA 30312","$2,500/mo","['3 bds', '2 ba', '1,360 sqft']","data:image/gif;base64,R0lGODlhAQABAIAAAAAAAP///yH5BAEAAAAALAAAAAABAAEAAAIBRAA7"
"Alexan on 8th | 880 W Peachtree St NW, Atlanta, GA",as per size in the details,"['$1,790+ Studio', '$2,005+ 1 bd', '$2,755+ 2 bds', '$3,800+ 3 bds']","data:image/gif;base64,R0lGODlhAQABAIAAAAAAAP///yH5BAEAAAAALAAAAAABAAEAAAIBRAA7"
"Mayfair Tower Condominiums | 199 14th St NE, Atlanta, GA",as per size in the details,"['$1,400+ 1 bd', '$2,100+ 2 bds']","data:image/gif;base64,R0lGODlhAQABAIAAAAAAAP///yH5BAEAAAAALAAAAAABAAEAAAIBRAA7"
"4049 Princeton Lakes Pass SW, Atlanta, GA 30331","$1,895/mo","['3 bds', '2.5 ba', '1,992 sqft']","data:image/gif;base64,R0lGODlhAQABAIAAAAAAAP///yH5BAEAAAAALAAAAAABAAEAAAIBRAA7"
"1634 S Ponce De Leon Ave NE UNIT 501, Atlanta, GA 30307","$2,400/mo","['3 bds', '2.5 ba', '1,800 sqft']","data:image/gif;base64,R0lGODlhAQABAIAAAAAAAP///yH5BAEAAAAALAAAAAABAAEAAAIBRAA7"
"Element at Kirkwood | 2035 Memorial Dr SE, Atlanta, GA",as per size in the details,"['$1,169+ 1 bd', '$1,369+ 2 bds']","data:image/gif;base64,R0lGODlhAQABAIAAAAAAAP///yH5BAEAAAAALAAAAAABAAEAAAIBRAA7"
"1401 West Paces | 1401 W Paces Ferry Rd NW, Atlanta, GA",as per size in the details,"['$1,118+ 1 bd', '$1,255+ 2 bds', '$1,764+ 3 bds']","data:image/gif;base64,R0lGODlhAQABAIAAAAAAAP///yH5BAEAAAAALAAAAAABAAEAAAIBRAA7"
"Alta Dairies | 777 Memorial Dr SE, Atlanta, GA",as per size in the details,"['$1,355+ Studio', '$1,650+ 1 bd', '$2,199+ 2 bds']","data:image/gif;base64,R0lGODlhAQABAIAAAAAAAP///yH5BAEAAAAALAAAAAABAAEAAAIBRAA7"
"Post Alexander | 600 Phipps Blvd, Atlanta, GA",as per size in the details,"['$1,145+ Studio', '$1,355+ 1 bd', '$1,750+ 2 bds', '$2,520 3 bds']","data:image/gif;base64,R0lGODlhAQABAIAAAAAAAP///yH5BAEAAAAALAAAAAABAAEAAAIBRAA7"
"860 Peachtree St NE, Atlanta, GA",as per size in the details,"['$1,800+ 1 bd']","data:image/gif;base64,R0lGODlhAQABAIAAAAAAAP///yH5BAEAAAAALAAAAAABAAEAAAIBRAA7"
"437 Park Ave SE #B, Atlanta, GA 30312","$2,000/mo","['3 bds', '2 ba', '1,200 sqft']","data:image/gif;base64,R0lGODlhAQABAIAAAAAAAP///yH5BAEAAAAALAAAAAABAAEAAAIBRAA7"
"Highland Walk Apartments | 701 Highland Ave NE, Atlanta, GA",as per size in the details,"['$1,413+ Studio', '$1,515+ 1 bd', '$2,034+ 2 bds']","data:image/gif;base64,R0lGODlhAQABAIAAAAAAAP///yH5BAEAAAAALAAAAAABAAEAAAIBRAA7"
"Vesta Adams Park | 1991 Delowe Dr SW, Atlanta, GA",as per size in the details,"['$865+ 1 bd', '$980+ 2 bds', '$1,235+ 3 bds']","data:image/gif;base64,R0lGODlhAQABAIAAAAAAAP///yH5BAEAAAAALAAAAAABAAEAAAIBRAA7"
"YOO on The Park | 207 13th St NE, Atlanta, GA",as per size in the details,"['$1,640+ Studio', '$1,964+ 1 bd', '$3,130+ 2 bds']","data:image/gif;base64,R0lGODlhAQABAIAAAAAAAP///yH5BAEAAAAALAAAAAABAAEAAAIBRAA7"
"Monroe Place Apartments | 2000 Monroe Pl NE, Atlanta, GA",as per size in the details,"['$1,125+ Studio', '$1,265+ 1 bd', '$1,580+ 2 bds']","data:image/gif;base64,R0lGODlhAQABAIAAAAAAAP///yH5BAEAAAAALAAAAAABAAEAAAIBRAA7"
"Marquis at Buckhead | 214 Colonial Homes Dr NW, Atlanta, GA",as per size in the details,"['$1,333+ 1 bd', '$1,780+ 2 bds']","data:image/gif;base64,R0lGODlhAQABAIAAAAAAAP///yH5BAEAAAAALAAAAAABAAEAAAIBRAA7"
"The Local on 14th | 455 14th St NW, Atlanta, GA",as per size in the details,"['$1,290+ Studio', '$1,475+ 1 bd', '$1,880+ 2 bds', '$2,470+ 3 bds']","data:image/gif;base64,R0lGODlhAQABAIAAAAAAAP///yH5BAEAAAAALAAAAAABAAEAAAIBRAA7"
"2111 Defoors Ferry Rd NW APT D, Atlanta, GA 30318","$1,445/mo","['2 bds', '2 ba', '1,245 sqft']","data:image/gif;base64,R0lGODlhAQABAIAAAAAAAP///yH5BAEAAAAALAAAAAABAAEAAAIBRAA7"
"The Brady | 930 Howell Mill Rd NW, Atlanta, GA",as per size in the details,"['$1,280+ Studio', '$1,399+ 1 bd', '$1,715+ 2 bds', '$2,950+ 3 bds']","data:image/gif;base64,R0lGODlhAQABAIAAAAAAAP///yH5BAEAAAAALAAAAAABAAEAAAIBRAA7"
"Ashford at Spring Lake | 6200 Bakers Ferry Rd SW, Atlanta, GA",as per size in the details,"['$1,080 1 bd', '$1,120+ 2 bds', '$1,290+ 3 bds']","data:image/gif;base64,R0lGODlhAQABAIAAAAAAAP///yH5BAEAAAAALAAAAAABAAEAAAIBRAA7"
"Collier Ridge | 100 Noble Creek Dr NW, Atlanta, GA",as per size in the details,"['$1,310+ 2 bds', '$1,703+ 3 bds']","data:image/gif;base64,R0lGODlhAQABAIAAAAAAAP///yH5BAEAAAAALAAAAAABAAEAAAIBRAA7"
"Collier Ridge | 100 Noble Creek Dr NW, Atlanta, GA",as per size in the details,"['$1,310+ 2 bds', '$1,703+ 3 bds']",https://photos.zillowstatic.com/p_e/ISv0ofqn4u6cgi0000000000.jpg
"1268 Liberty Pkwy NW, Atlanta, GA 30318","$2,000/mo","['3 bds', '3.5 ba', '1,600 sqft']",https://photos.zillowstatic.com/p_e/IS72l3cpuwopzk1000000000.jpg
"651 Ormewood Ave SE, Atlanta, GA 30312","$3,200/mo","['2 bds', '2 ba', '1,486 sqft']",https://photos.zillowstatic.com/p_e/ISnqyyxe6u2hgs1000000000.jpg
"AMLI Piedmont Heights | 2323 Piedmont Rd, Atlanta, GA",as per size in the details,"['$1,390+ 1 bd', '$1,869+ 2 bds']",https://photos.zillowstatic.com/p_e/ISvoecsjavrn060000000000.jpg
"The Brady | 930 Howell Mill Rd NW, Atlanta, GA",as per size in the details,"['$1,280+ Studio', '$1,399+ 1 bd', '$1,715+ 2 bds', '$2,950+ 3 bds']",https://photos.zillowstatic.com/p_e/IS66occriks1rg1000000000.jpg
"Core At Lindbergh | 741 Morosgo Dr NE, Atlanta, GA",as per size in the details,"['$1,119+ Studio', '$1,222+ 1 bd', '$1,703+ 2 bds']",https://photos.zillowstatic.com/p_e/ISfojzz7vn84ol1000000000.jpg
"The Row at Twenty Sixth Apartments | 225 26th St NW, Atlanta, GA",as per size in the details,"['$1,184+ Studio', '$1,254+ 1 bd', '$1,450+ 2 bds', '$2,310 3 bds']",https://photos.zillowstatic.com/p_e/ISny4x64xm5vtc0000000000.jpg
"642 Providence Pl SW, Atlanta, GA 30331","$1,600/mo","['3 bds', '3.5 ba', '1,555 sqft']",https://photos.zillowstatic.com/p_e/ISf40nxvg4azde1000000000.jpg
"AMLI Westside | 1084 Howell Mill Rd NW, Atlanta, GA",as per size in the details,"['$1,270+ Studio', '$1,501+ 1 bd', '$1,927+ 2 bds']",https://photos.zillowstatic.com/p_e/ISzfmv2adkzw4h0000000000.jpg
"AMLI Lindbergh | 2400 Parkland Dr, Atlanta, GA",as per size in the details,"['$1,236+ 1 bd', '$1,529+ 2 bds', '$2,090+ 3 bds']","data:image/gif;base64,R0lGODlhAQABAIAAAAAAAP///yH5BAEAAAAALAAAAAABAAEAAAIBRAA7"
"585 Mcwilliams Rd SE UNIT 1901, Atlanta, GA 30315","$2,000/mo","['4 bds', '2 ba', '1,800 sqft']",NA
"585 Mcwilliams Rd SE UNIT 2702, Atlanta, GA 30315","$1,350/mo","['2 bds', '1 ba', '1,548 sqft']","data:image/gif;base64,R0lGODlhAQABAIAAAAAAAP///yH5BAEAAAAALAAAAAABAAEAAAIBRAA7"
"2573 Abner Pl NW, Atlanta, GA 30318","$2,100/mo","['3 bds', '2 ba', '1,200 sqft']",NA
"1639 Orlando St SW, Atlanta, GA 30311","$1,400/mo","['3 bds', '2 ba', '1,100 sqft']","data:image/gif;base64,R0lGODlhAQABAIAAAAAAAP///yH5BAEAAAAALAAAAAABAAEAAAIBRAA7"
"300 Peachtree St NW #21B, Atlanta, GA 30308","$1,295/mo","['1 bd', '1 ba', '700 sqft']",NA
"467 Leonardo Ave NE, Atlanta, GA 30307","$2,950/mo","['3 bds', '2 ba', '2,000 sqft']","data:image/gif;base64,R0lGODlhAQABAIAAAAAAAP///yH5BAEAAAAALAAAAAABAAEAAAIBRAA7"
"3566 Highwood Dr SW, Atlanta, GA 30331","$1,295/mo","['3 bds', '1.5 ba', '1,075 sqft']","data:image/gif;base64,R0lGODlhAQABAIAAAAAAAP///yH5BAEAAAAALAAAAAABAAEAAAIBRAA7"
"Ansley Forest | 1659 Monroe Dr NE, Atlanta, GA",as per size in the details,"['$1,270 Studio', '$1,765+ 2 bds', '$2,735 3 bds']","data:image/gif;base64,R0lGODlhAQABAIAAAAAAAP///yH5BAEAAAAALAAAAAABAAEAAAIBRAA7"
"Radius West Midtown | 464 Bishop St NW, Atlanta, GA",as per size in the details,"['$1,310+ 1 bd', '$1,850+ 2 bds']","data:image/gif;base64,R0lGODlhAQABAIAAAAAAAP///yH5BAEAAAAALAAAAAABAAEAAAIBRAA7"
"Crest at Northside | 499 Northside Cir NW, Atlanta, GA",as per size in the details,"['$1,000+ Studio', '$1,070+ 1 bd', '$1,285+ 2 bds']","data:image/gif;base64,R0lGODlhAQABAIAAAAAAAP///yH5BAEAAAAALAAAAAABAAEAAAIBRAA7"
"Windsor Old Fourth Ward | 608 Ralph Mcgill Blvd NE, Atlanta, GA",as per size in the details,"['$1,495+ Studio', '$1,715+ 1 bd', '$2,295+ 2 bds']","data:image/gif;base64,R0lGODlhAQABAIAAAAAAAP///yH5BAEAAAAALAAAAAABAAEAAAIBRAA7"
"974 Todd Rd NE, Atlanta, GA",as per size in the details,"['$1,695 1 bd', '$2,280 2 bds']","data:image/gif;base64,R0lGODlhAQABAIAAAAAAAP///yH5BAEAAAAALAAAAAABAAEAAAIBRAA7"
"Wesley Townsend | 200 Colonial Homes Dr NW, Atlanta, GA",as per size in the details,"['$1,408+ 1 bd', '$1,666+ 2 bds']","data:image/gif;base64,R0lGODlhAQABAIAAAAAAAP///yH5BAEAAAAALAAAAAABAAEAAAIBRAA7"
"Morningside Atlanta by Windsor | 1845 Piedmont Ave NE, Atlanta, GA",as per size in the details,"['$1,465+ 1 bd', '$1,665+ 2 bds', '$2,485+ 3 bds']","data:image/gif;base64,R0lGODlhAQABAIAAAAAAAP///yH5BAEAAAAALAAAAAABAAEAAAIBRAA7"
"Virginia Highlands Apartment Homes | 609 Virginia Ave NE, Atlanta, GA",as per size in the details,"['$1,445+ 1 bd', '$1,866+ 2 bds']","data:image/gif;base64,R0lGODlhAQABAIAAAAAAAP///yH5BAEAAAAALAAAAAABAAEAAAIBRAA7"
"Post Chastain | 4090 Roswell Rd NE, Atlanta, GA",as per size in the details,"['$1,040+ Studio', '$1,190+ 1 bd', '$1,325+ 2 bds']","data:image/gif;base64,R0lGODlhAQABAIAAAAAAAP///yH5BAEAAAAALAAAAAABAAEAAAIBRAA7"
"1257 Lorenzo Dr SW #A, Atlanta, GA 30310",$895/mo,"['2 bds', '1 ba', '1,000 sqft']","data:image/gif;base64,R0lGODlhAQABAIAAAAAAAP///yH5BAEAAAAALAAAAAABAAEAAAIBRAA7"
"Aspire Lenox Park | 1050 Lenox Park Blvd NE, Atlanta, GA",as per size in the details,"['$1,260+ 1 bd', '$1,623+ 2 bds', '$2,034+ 3 bds']","data:image/gif;base64,R0lGODlhAQABAIAAAAAAAP///yH5BAEAAAAALAAAAAABAAEAAAIBRAA7"
"Cottonwood Westside | 691 14th St NW, Atlanta, GA",as per size in the details,"['$1,225+ Studio', '$1,215+ 1 bd', '$1,675+ 2 bds']","data:image/gif;base64,R0lGODlhAQABAIAAAAAAAP///yH5BAEAAAAALAAAAAABAAEAAAIBRAA7"
"Eleven85 | 1185 Collier Rd NW, Atlanta, GA",as per size in the details,"['$1,262 Studio', '$1,396+ 1 bd', '$1,577+ 2 bds', '$1,700+ 3 bds']","data:image/gif;base64,R0lGODlhAQABAIAAAAAAAP///yH5BAEAAAAALAAAAAABAAEAAAIBRAA7"
"Ashford 2788 | 2788 Defoors Ferry Rd NW, Atlanta, GA",as per size in the details,"['$1,085+ 2 bds', '$1,785 3 bds']","data:image/gif;base64,R0lGODlhAQABAIAAAAAAAP///yH5BAEAAAAALAAAAAABAAEAAAIBRAA7"
"Telephone Factory Lofts | 828 Ralph Mcgill Blvd NE, Atlanta, GA",as per size in the details,"['$2,550+ Studio', '$2,825 1 bd', '$3,150 2 bds']","data:image/gif;base64,R0lGODlhAQABAIAAAAAAAP///yH5BAEAAAAALAAAAAABAAEAAAIBRAA7"
"N. Highland Steel | 240 N Highland Ave NE, Atlanta, GA",as per size in the details,"['$1,294+ Studio', '$1,456+ 1 bd', '$1,951+ 2 bds', '$3,077 3 bds']","data:image/gif;base64,R0lGODlhAQABAIAAAAAAAP///yH5BAEAAAAALAAAAAABAAEAAAIBRAA7"
"Saint Charles Ave NE, Atlanta, GA 30306","$1,200/mo","['1 bd', '1 ba', '650 sqft']","data:image/gif;base64,R0lGODlhAQABAIAAAAAAAP///yH5BAEAAAAALAAAAAABAAEAAAIBRAA7"
"Lynch Ave NW, Atlanta, GA 30318","$2,950/mo","['3 bds', '1.5 ba', '1,060 sqft']","data:image/gif;base64,R0lGODlhAQABAIAAAAAAAP///yH5BAEAAAAALAAAAAABAAEAAAIBRAA7"
"356 Schoen St SE, Atlanta, GA 30315","$1,395/mo","['4 bds', '2 ba', '1,646 sqft']","data:image/gif;base64,R0lGODlhAQABAIAAAAAAAP///yH5BAEAAAAALAAAAAABAAEAAAIBRAA7"
"2019 Reynolds Dr SW, Atlanta, GA 30315","$1,325/mo","['4 bds', '2.5 ba', '1,572 sqft']","data:image/gif;base64,R0lGODlhAQABAIAAAAAAAP///yH5BAEAAAAALAAAAAABAAEAAAIBRAA7"
"1019 Crane Rd NE, Atlanta, GA 30324","$3,500/mo","['4 bds', '4 ba', '2,474 sqft']","data:image/gif;base64,R0lGODlhAQABAIAAAAAAAP///yH5BAEAAAAALAAAAAABAAEAAAIBRAA7"
"745 Fountainhead Ln NE, Atlanta, GA 30324","$2,995/mo","['4 bds', '3.5 ba', '2,750 sqft']","data:image/gif;base64,R0lGODlhAQABAIAAAAAAAP///yH5BAEAAAAALAAAAAABAAEAAAIBRAA7"
"The Atlantic | 270 17th St NW, Atlanta, GA",as per size in the details,"['$2,900 1 bd', '$3,200+ 2 bds']","data:image/gif;base64,R0lGODlhAQABAIAAAAAAAP///yH5BAEAAAAALAAAAAABAAEAAAIBRAA7"
